{"schemaVersion":"1.0","appDefinitionTemplate":{"id":"/providers/Microsoft.PowerApps/apps/","type":"Microsoft.PowerApps/apps","tags":{"primaryDeviceWidth":"6783","primaryDeviceHeight":"2359","supportsPortrait":"true","supportsLandscape":"true","primaryFormFactor":"Phone","showStatusBar":"false","publisherVersion":"3.24091.13","minimumRequiredApiVersion":"2.2.0","hasComponent":"false","hasUnlockedComponent":"false","isUnifiedRootApp":"false","sienaVersion":"20240913T155031Z-3.24091.15.0"},"properties":{"appVersion":"2024-09-13T15:50:31Z","lifeCycleId":"Published","createdByClientVersion":{"major":3,"minor":24091,"build":13,"revision":0,"majorRevision":0,"minorRevision":0},"minClientVersion":{"major":3,"minor":24091,"build":13,"revision":0,"majorRevision":0,"minorRevision":0},"backgroundColor":"RGBA(0,176,240,1)","backgroundImageUri":"/588715407262293893/Nbf28f963-8683-4201-8659-9c00ddb5e83b-logoSmallFile","displayName":"Demo Live Comment BU from Web","description":"","commitMessage":"","appUris":{"documentUri":{"value":"/588715407262293893/N699b570a-4c9b-41ec-afcf-7fe85ddb7911-document.msapp"},"imageUris":[],"additionalUris":[{"isSolutionAware":false,"value":"/588715407262293893/Ne38ab575-1e2c-4f59-bfe0-1625281d7360-identity.json"}]},"createdTime":"0001-01-01T00:00:00Z","lastModifiedTime":"0001-01-01T00:00:00Z","sharedGroupsCount":0,"sharedUsersCount":0,"connectionReferences":{"f45fa18c-ca85-44f2-885e-4b6c1bb1bb7b":{"id":"4b2ec30a-7fee-4d51-93d9-856449efb952","displayName":"SharePoint","iconUri":"https://connectoricons-prod.azureedge.net/u/jayawan/releases/v1.0.1697/1.0.1697.3786/sharepointonline/icon.png","dataSources":["CommentsBU_Demo","CommentsStatus"],"dependencies":[],"dependents":[],"parameterHints":{},"parameterHintsV2":{},"isOnPremiseConnection":false,"bypassConsent":false,"dataSets":{"https://powerplatform23.sharepoint.com/sites/powerplatform23":{"dataSources":{"CommentsBU_Demo":{"tableName":"0a0c0f7f-44ae-4dbf-aaed-1deb0b28a465"},"CommentsStatus":{"tableName":"670e88c0-9628-4f83-b264-be70ba6aec72"}}}},"apiTier":"Standard","isCustomApiConnection":false,"actions":["providers/PowerPlatform.Governance/Operations/Read","providers/PowerPlatform.Governance/Operations/Write"]}},"databaseReferences":{},"almMode":"Solution","performanceOptimizationEnabled":false,"canConsumeAppPass":false,"enableModernRuntimeMode":false,"executionRestrictions":{"isTeamsOnly":false,"dataLossPreventionEvaluationResult":{"status":"Compliant","lastEvaluationDate":"2024-08-30T20:03:40.2741004Z","violations":[],"violationsByPolicy":[],"violationErrorMessage":"The app uses the following connectors: shared_sharepointonline."}}},"appType":"ClassicCanvasApp","appComponents":[]}}